"MatchId";"Team";"Min";"Pts";"O";"D";"T";"As";"St";"To";"Fv";"Ag";"Cm";"Rv";"PIR";"x2M";"x2A";"x3M";"x3A";"FTM";"FTA";"Opponent";"Local"
1;"Khimki Moscow Region";200;89;13;25;38;18;10;10;1;3;25;21;93;13;32;14;35;21;27;"Maccabi FOX Tel Aviv";1
10;"CSKA Moscow";200;79;16;24;40;17;8;9;3;6;16;21;91;17;37;12;34;9;13;"FC Bayern Munich";1
100;"CSKA Moscow";225;85;5;25;30;15;6;8;5;2;24;20;84;22;41;9;27;14;20;"Zalgiris Kaunas";1
101;"Maccabi FOX Tel Aviv";200;77;10;27;37;12;11;9;4;3;20;18;86;23;46;7;22;10;13;"FC Bayern Munich";1
102;"AX Armani Exchange Milan";200;67;8;23;31;13;2;4;3;6;17;22;69;14;30;7;30;18;21;"Crvena Zvezda mts Belgrade";1
103;"Real Madrid";200;111;7;22;29;30;4;8;7;2;21;22;144;21;35;17;29;18;20;"Valencia Basket";1
104;"Zenit St Petersburg";200;75;6;24;30;21;7;11;3;1;17;23;95;17;33;10;20;11;20;"LDLC ASVEL Villeurbanne";1
105;"Khimki Moscow Region";200;94;6;18;24;23;8;12;5;2;24;17;102;21;34;12;29;16;17;"FC Barcelona";1
106;"Fenerbahce Beko Istanbul";225;107;9;24;33;23;5;16;1;1;25;28;123;23;37;11;26;28;31;"ALBA Berlin";1
107;"Panathinaikos OPAP Athens";225;99;11;30;41;11;6;5;4;3;25;22;101;25;48;10;33;19;22;"Olympiacos Piraeus";1
108;"KIROLBET Baskonia Vitoria-Gasteiz";200;77;13;20;33;17;4;10;1;3;14;15;78;19;45;10;25;9;10;"Anadolu Efes Istanbul";1
109;"Khimki Moscow Region";200;104;8;23;31;24;10;7;3;0;21;19;130;28;42;9;25;21;24;"ALBA Berlin";1
11;"Crvena Zvezda mts Belgrade";200;68;15;25;40;16;4;14;4;3;22;23;79;17;38;6;16;16;22;"Fenerbahce Beko Istanbul";1
110;"Fenerbahce Beko Istanbul";200;73;8;19;27;18;6;13;1;0;16;15;76;19;35;10;26;5;8;"Anadolu Efes Istanbul";1
111;"Crvena Zvezda mts Belgrade";200;64;15;23;38;14;8;14;3;5;19;21;66;15;35;5;22;19;26;"KIROLBET Baskonia Vitoria-Gasteiz";1
112;"Maccabi FOX Tel Aviv";200;90;5;20;25;17;9;10;2;1;19;18;99;20;34;12;27;14;17;"CSKA Moscow";1
113;"Real Madrid";200;93;10;21;31;17;4;12;1;0;16;18;100;18;34;15;33;12;14;"Olympiacos Piraeus";1
114;"Zalgiris Kaunas";200;82;9;15;24;18;9;12;0;1;20;19;89;28;41;6;21;8;10;"Valencia Basket";1
115;"FC Bayern Munich";200;77;7;26;33;16;6;16;1;1;24;20;88;19;35;8;14;15;17;"Zenit St Petersburg";1
116;"LDLC ASVEL Villeurbanne";200;89;15;24;39;15;6;8;2;2;26;22;97;23;43;8;22;19;25;"AX Armani Exchange Milan";1
117;"FC Barcelona";200;98;13;26;39;20;4;11;1;1;16;22;120;22;35;13;32;15;19;"Panathinaikos OPAP Athens";1
118;"Zenit St Petersburg";200;71;17;20;37;14;8;18;1;4;21;18;62;16;36;9;31;12;14;"Maccabi FOX Tel Aviv";1
119;"Zalgiris Kaunas";200;68;13;19;32;18;5;13;2;2;17;21;76;15;32;9;27;11;14;"Anadolu Efes Istanbul";1
12;"LDLC ASVEL Villeurbanne";200;79;18;18;36;18;8;13;3;3;21;19;85;23;46;7;22;12;15;"Panathinaikos OPAP Athens";1
120;"Real Madrid";200;76;8;24;32;21;5;7;4;1;18;22;94;20;37;8;28;12;15;"AX Armani Exchange Milan";1
121;"Panathinaikos OPAP Athens";200;81;12;25;37;16;6;19;0;1;23;22;84;20;33;6;20;23;31;"Fenerbahce Beko Istanbul";1
122;"FC Barcelona";200;80;8;26;34;19;11;15;3;1;15;23;104;21;36;7;22;17;22;"LDLC ASVEL Villeurbanne";1
123;"Valencia Basket";200;105;11;22;33;27;8;6;0;5;16;24;131;18;32;17;37;18;23;"KIROLBET Baskonia Vitoria-Gasteiz";1
124;"CSKA Moscow";200;100;10;22;32;27;7;6;4;1;18;19;132;21;38;14;27;16;18;"Crvena Zvezda mts Belgrade";1
125;"ALBA Berlin";225;76;17;24;41;17;9;17;6;4;21;25;82;14;43;10;28;18;21;"FC Bayern Munich";1
126;"Olympiacos Piraeus";225;109;16;29;45;24;6;12;2;5;21;30;130;27;44;9;30;28;38;"Khimki Moscow Region";1
127;"Fenerbahce Beko Istanbul";200;81;10;22;32;22;1;14;0;5;22;25;85;15;31;12;26;15;20;"Zenit St Petersburg";1
128;"Maccabi FOX Tel Aviv";200;88;21;21;42;20;7;10;5;5;15;19;106;20;36;11;37;15;18;"Panathinaikos OPAP Athens";1
129;"AX Armani Exchange Milan";200;78;9;28;37;18;5;7;1;1;22;20;92;26;46;4;18;14;17;"Valencia Basket";1
13;"Real Madrid";200;86;14;24;38;18;4;10;0;2;19;26;99;16;35;12;31;18;22;"Maccabi FOX Tel Aviv";1
130;"KIROLBET Baskonia Vitoria-Gasteiz";200;55;12;23;35;4;5;9;3;2;17;19;40;16;37;4;26;11;21;"Real Madrid";1
131;"Khimki Moscow Region";200;83;9;24;33;18;6;18;2;2;25;16;85;18;35;12;23;11;11;"Zalgiris Kaunas";1
132;"Anadolu Efes Istanbul";200;80;12;16;28;11;11;9;0;7;16;22;80;17;41;12;24;10;14;"CSKA Moscow";1
133;"Crvena Zvezda mts Belgrade";200;88;10;22;32;18;7;9;0;1;23;20;92;20;43;12;22;12;19;"Olympiacos Piraeus";1
134;"FC Bayern Munich";200;67;8;19;27;19;5;19;2;4;18;21;60;15;33;9;25;10;16;"FC Barcelona";1
135;"LDLC ASVEL Villeurbanne";200;93;7;22;29;23;4;10;5;2;25;18;107;29;44;8;18;11;14;"ALBA Berlin";1
136;"CSKA Moscow";200;78;13;28;41;17;7;11;3;5;18;21;91;15;35;10;28;18;22;"AX Armani Exchange Milan";1
137;"Anadolu Efes Istanbul";200;99;8;27;35;18;10;14;4;1;13;16;125;21;38;16;28;9;9;"Maccabi FOX Tel Aviv";1
138;"ALBA Berlin";200;81;12;23;35;17;9;15;3;1;18;23;101;17;34;9;21;20;24;"KIROLBET Baskonia Vitoria-Gasteiz";1
139;"Panathinaikos OPAP Athens";200;75;11;25;36;12;3;13;3;2;20;12;67;18;34;9;31;12;13;"Real Madrid";1
14;"Zenit St Petersburg";200;63;12;21;33;20;7;18;2;1;19;20;71;13;28;8;26;13;16;"FC Barcelona";1
140;"LDLC ASVEL Villeurbanne";200;92;9;19;28;20;10;10;2;0;21;22;112;24;33;9;26;17;22;"Khimki Moscow Region";1
141;"Zenit St Petersburg";200;58;11;17;28;13;8;11;6;3;17;23;62;9;28;9;30;13;16;"Crvena Zvezda mts Belgrade";1
142;"Fenerbahce Beko Istanbul";225;98;10;21;31;16;9;12;2;1;26;24;104;20;37;12;31;22;23;"Valencia Basket";1
143;"FC Bayern Munich";200;73;11;17;28;16;1;20;3;4;20;19;67;10;25;13;26;14;15;"Zalgiris Kaunas";1
144;"FC Barcelona";200;90;11;27;38;16;6;13;2;4;18;21;100;21;42;11;28;15;15;"Olympiacos Piraeus";1
145;"Crvena Zvezda mts Belgrade";200;93;9;28;37;21;8;11;6;1;20;20;122;27;43;6;15;21;27;"FC Bayern Munich";1
146;"Zalgiris Kaunas";200;73;14;25;39;11;6;14;5;4;19;30;84;14;37;7;21;24;30;"Maccabi FOX Tel Aviv";1
147;"Olympiacos Piraeus";200;87;9;20;29;23;5;13;1;0;19;20;106;22;32;8;20;19;24;"Fenerbahce Beko Istanbul";1
148;"KIROLBET Baskonia Vitoria-Gasteiz";200;76;6;20;26;15;11;13;2;2;21;18;77;12;28;16;33;4;6;"FC Barcelona";1
149;"CSKA Moscow";225;102;15;31;46;19;2;13;2;4;23;19;97;22;42;15;40;13;21;"Panathinaikos OPAP Athens";1
15;"Khimki Moscow Region";200;79;10;28;38;17;4;14;7;4;26;21;86;22;38;5;24;20;21;"KIROLBET Baskonia Vitoria-Gasteiz";1
150;"Anadolu Efes Istanbul";200;101;13;18;31;15;7;8;4;0;17;25;126;19;34;16;30;15;18;"Khimki Moscow Region";1
151;"LDLC ASVEL Villeurbanne";200;77;16;24;40;15;8;10;2;7;24;16;66;16;47;11;27;12;16;"Real Madrid";1
152;"AX Armani Exchange Milan";200;73;10;26;36;10;4;14;1;2;20;23;75;16;33;6;21;23;27;"Zenit St Petersburg";1
153;"Valencia Basket";200;91;15;16;31;21;10;13;1;1;13;20;114;22;40;10;24;17;18;"ALBA Berlin";1
154;"ALBA Berlin";200;89;16;22;38;22;8;10;4;3;18;23;106;24;44;7;28;20;26;"Maccabi FOX Tel Aviv";1
155;"AX Armani Exchange Milan";200;96;14;23;37;17;5;11;3;4;17;19;104;20;41;14;30;14;18;"Panathinaikos OPAP Athens";1
156;"KIROLBET Baskonia Vitoria-Gasteiz";200;65;11;16;27;15;9;18;4;1;19;19;67;18;32;6;22;11;15;"Fenerbahce Beko Istanbul";1
157;"Real Madrid";200;88;6;25;31;20;3;15;4;3;15;17;107;18;27;13;26;13;14;"Zalgiris Kaunas";1
158;"Khimki Moscow Region";200;81;8;21;29;18;11;14;2;2;23;20;85;17;29;11;32;14;18;"Zenit St Petersburg";1
159;"FC Bayern Munich";200;77;11;22;33;19;7;11;0;7;24;17;68;18;41;11;27;8;12;"CSKA Moscow";1
16;"Anadolu Efes Istanbul";225;106;7;22;29;28;5;6;3;2;19;21;130;27;48;11;20;19;24;"ALBA Berlin";1
160;"LDLC ASVEL Villeurbanne";200;80;10;19;29;14;5;11;4;3;26;24;78;21;36;6;23;20;26;"Crvena Zvezda mts Belgrade";1
161;"FC Barcelona";200;82;10;21;31;24;8;11;6;3;23;19;89;16;33;12;32;14;21;"Anadolu Efes Istanbul";1
162;"Valencia Basket";200;91;12;29;41;9;3;9;2;2;19;28;102;17;34;10;28;27;34;"Olympiacos Piraeus";1
163;"CSKA Moscow";200;60;12;32;44;6;8;16;3;6;23;21;58;15;39;5;20;15;15;"Real Madrid";1
164;"Khimki Moscow Region";200;75;9;19;28;15;7;11;0;0;16;12;77;22;32;8;30;7;8;"Valencia Basket";1
165;"Anadolu Efes Istanbul";200;88;4;31;35;19;7;7;4;2;18;17;112;21;35;12;29;10;10;"AX Armani Exchange Milan";1
166;"Fenerbahce Beko Istanbul";200;86;9;26;35;21;9;14;2;3;21;26;109;21;41;9;19;17;19;"LDLC ASVEL Villeurbanne";1
167;"Olympiacos Piraeus";200;86;5;20;25;22;3;12;1;2;21;20;96;29;39;5;18;13;16;"ALBA Berlin";1
168;"Maccabi FOX Tel Aviv";200;92;10;23;33;19;10;13;0;2;26;23;96;18;38;14;28;14;20;"FC Barcelona";1
169;"Zenit St Petersburg";200;72;8;20;28;18;8;21;3;2;19;20;80;24;31;3;17;15;21;"KIROLBET Baskonia Vitoria-Gasteiz";1
17;"Olympiacos Piraeus";200;89;13;23;36;17;13;15;3;0;17;21;116;23;41;9;19;16;19;"Valencia Basket";1
170;"Crvena Zvezda mts Belgrade";200;70;13;21;34;17;6;7;4;1;20;20;77;19;37;7;28;11;18;"Zalgiris Kaunas";1
171;"Panathinaikos OPAP Athens";200;98;20;23;43;24;3;10;5;1;18;20;123;30;47;6;24;20;26;"FC Bayern Munich";1
172;"Khimki Moscow Region";200;102;8;20;28;29;9;13;1;2;26;19;121;22;33;15;27;13;16;"Real Madrid";1
173;"Fenerbahce Beko Istanbul";200;74;10;24;34;18;3;17;3;2;27;21;72;15;26;8;26;20;26;"FC Barcelona";1
174;"Maccabi FOX Tel Aviv";200;69;8;31;39;13;7;10;2;5;20;23;71;16;35;9;26;10;21;"AX Armani Exchange Milan";1
175;"CSKA Moscow";200;94;14;19;33;18;6;10;3;3;21;22;105;15;33;13;27;25;30;"KIROLBET Baskonia Vitoria-Gasteiz";1
176;"Zenit St Petersburg";200;81;18;13;31;13;8;10;1;3;19;16;79;24;41;9;31;6;6;"Valencia Basket";1
177;"Anadolu Efes Istanbul";200;101;9;25;34;23;4;7;1;2;14;15;125;21;37;16;30;11;11;"LDLC ASVEL Villeurbanne";1
178;"Crvena Zvezda mts Belgrade";225;85;13;21;34;12;12;17;2;3;23;20;83;20;38;10;28;15;18;"ALBA Berlin";1
179;"Olympiacos Piraeus";200;89;13;23;36;21;9;11;2;1;15;19;113;18;30;13;32;14;19;"FC Bayern Munich";1
18;"AX Armani Exchange Milan";200;85;10;16;26;14;5;14;5;0;21;23;96;22;39;7;14;20;23;"Zalgiris Kaunas";1
180;"Panathinaikos OPAP Athens";200;96;12;18;30;22;6;14;0;1;23;22;104;23;42;11;24;17;19;"Zalgiris Kaunas";1
181;"CSKA Moscow";200;81;8;24;32;22;7;11;2;0;17;18;99;14;38;14;22;11;14;"Valencia Basket";1
182;"Zenit St Petersburg";200;91;13;18;31;23;9;11;2;2;19;26;114;23;37;8;22;21;29;"Olympiacos Piraeus";1
183;"FC Bayern Munich";200;80;12;28;40;15;6;17;2;2;17;19;93;15;35;10;21;20;22;"Maccabi FOX Tel Aviv";1
184;"FC Barcelona";200;86;11;21;32;18;9;13;2;1;19;17;98;24;39;9;23;11;15;"Crvena Zvezda mts Belgrade";1
185;"KIROLBET Baskonia Vitoria-Gasteiz";200;83;16;26;42;14;10;15;3;1;18;30;106;21;41;4;17;29;38;"Khimki Moscow Region";1
186;"Fenerbahce Beko Istanbul";200;73;6;23;29;22;8;13;0;5;17;18;85;17;29;10;26;9;11;"AX Armani Exchange Milan";1
187;"Zalgiris Kaunas";200;104;18;26;44;27;6;10;2;1;27;17;125;25;46;14;27;12;15;"ALBA Berlin";1
188;"Panathinaikos OPAP Athens";200;100;11;22;33;25;5;13;7;1;17;17;128;28;46;13;20;5;8;"LDLC ASVEL Villeurbanne";1
189;"Real Madrid";200;75;13;20;33;19;7;11;3;1;21;14;79;18;35;11;33;6;6;"Anadolu Efes Istanbul";1
19;"CSKA Moscow";200;99;18;20;38;15;8;9;1;6;20;19;101;23;45;14;29;11;18;"Khimki Moscow Region";1
190;"Khimki Moscow Region";200;69;6;24;30;15;6;18;3;1;19;17;64;7;20;14;35;13;17;"CSKA Moscow";1
191;"ALBA Berlin";200;70;4;19;23;19;8;13;1;4;18;21;77;17;34;8;19;12;14;"Fenerbahce Beko Istanbul";1
192;"Olympiacos Piraeus";200;80;7;28;35;22;3;14;4;1;19;24;107;18;27;10;27;14;15;"KIROLBET Baskonia Vitoria-Gasteiz";1
193;"Maccabi FOX Tel Aviv";200;77;13;18;31;18;8;19;0;8;25;16;58;16;35;11;29;12;15;"Real Madrid";1
194;"LDLC ASVEL Villeurbanne";200;74;14;19;33;15;3;10;3;0;22;23;79;17;36;6;24;22;25;"Zalgiris Kaunas";1
195;"FC Barcelona";200;90;9;21;30;22;7;13;3;1;18;15;104;17;27;17;36;5;7;"Zenit St Petersburg";1
196;"AX Armani Exchange Milan";200;79;9;18;27;17;3;13;4;1;25;22;77;16;28;11;29;14;20;"FC Bayern Munich";1
197;"Crvena Zvezda mts Belgrade";200;78;15;20;35;20;10;14;3;5;17;19;86;19;44;8;24;16;18;"Anadolu Efes Istanbul";1
198;"Valencia Basket";200;94;10;26;36;18;7;11;5;2;13;21;116;21;40;14;29;10;15;"Panathinaikos OPAP Athens";1
199;"CSKA Moscow";200;80;14;21;35;14;6;13;3;1;17;20;86;17;27;10;37;16;20;"Anadolu Efes Istanbul";1
2;"Panathinaikos OPAP Athens";200;87;7;25;32;14;8;13;4;2;17;27;107;26;43;5;13;20;28;"Crvena Zvezda mts Belgrade";1
20;"Zalgiris Kaunas";200;86;13;23;36;22;7;8;0;2;24;20;103;24;49;8;16;14;15;"Real Madrid";1
200;"Zalgiris Kaunas";200;94;6;18;24;20;6;8;1;2;22;17;103;20;35;14;22;12;16;"Olympiacos Piraeus";1
201;"LDLC ASVEL Villeurbanne";200;75;13;18;31;17;14;14;3;1;19;22;90;21;38;6;19;15;23;"FC Bayern Munich";1
202;"AX Armani Exchange Milan";200;96;10;20;30;28;6;11;3;0;27;23;110;20;33;12;33;20;24;"ALBA Berlin";1
203;"Real Madrid";200;70;16;17;33;14;5;11;5;2;16;22;77;21;41;6;26;10;13;"KIROLBET Baskonia Vitoria-Gasteiz";1
204;"Zenit St Petersburg";200;68;12;16;28;14;7;13;1;2;17;24;70;19;28;6;29;12;20;"Fenerbahce Beko Istanbul";1
205;"Crvena Zvezda mts Belgrade";200;78;7;25;32;13;9;8;3;4;20;27;85;19;41;5;19;25;34;"Panathinaikos OPAP Athens";1
206;"Maccabi FOX Tel Aviv";200;80;14;30;44;13;3;10;3;4;18;22;85;21;46;10;25;8;16;"Khimki Moscow Region";1
207;"Valencia Basket";200;76;14;23;37;17;7;11;2;0;18;24;87;16;28;11;37;11;20;"FC Barcelona";1
208;"Anadolu Efes Istanbul";200;96;8;19;27;14;7;9;3;2;17;23;115;23;38;10;21;20;21;"Zalgiris Kaunas";1
209;"ALBA Berlin";200;97;15;20;35;21;6;8;0;4;23;22;106;18;46;14;25;19;20;"Real Madrid";1
21;"Fenerbahce Beko Istanbul";200;87;7;27;34;21;5;15;3;6;25;26;98;24;42;9;18;12;17;"KIROLBET Baskonia Vitoria-Gasteiz";1
210;"Olympiacos Piraeus";200;72;19;26;45;15;14;12;6;1;17;25;95;16;43;7;25;19;26;"CSKA Moscow";1
211;"KIROLBET Baskonia Vitoria-Gasteiz";200;79;11;31;42;17;4;14;0;3;22;20;88;21;42;7;16;16;21;"LDLC ASVEL Villeurbanne";1
212;"Khimki Moscow Region";200;78;10;26;36;19;11;13;3;3;19;22;90;15;37;10;27;18;23;"Crvena Zvezda mts Belgrade";1
213;"Fenerbahce Beko Istanbul";200;77;12;18;30;17;7;10;0;1;17;24;90;20;36;6;24;19;22;"Maccabi FOX Tel Aviv";1
214;"FC Bayern Munich";200;59;11;23;34;15;12;17;5;3;23;18;61;19;34;3;22;12;17;"Valencia Basket";1
215;"Panathinaikos OPAP Athens";200;96;16;24;40;17;14;20;4;2;21;22;112;19;35;12;28;22;28;"Zenit St Petersburg";1
216;"FC Barcelona";200;84;6;27;33;19;7;13;1;3;18;21;97;20;37;11;25;11;14;"AX Armani Exchange Milan";1
217;"Zenit St Petersburg";200;81;12;23;35;22;6;17;3;2;18;20;99;22;35;9;25;10;12;"ALBA Berlin";1
218;"Olympiacos Piraeus";200;77;8;28;36;17;10;15;1;0;18;30;101;15;33;7;16;26;36;"LDLC ASVEL Villeurbanne";1
219;"Fenerbahce Beko Istanbul";200;65;8;12;20;11;7;14;0;4;16;20;51;17;37;5;19;16;20;"Real Madrid";1
22;"Maccabi FOX Tel Aviv";225;84;6;32;38;19;13;18;4;2;26;26;100;27;41;5;18;15;26;"Crvena Zvezda mts Belgrade";1
220;"AX Armani Exchange Milan";200;69;9;24;33;14;6;8;1;3;20;22;73;23;43;3;21;14;17;"Khimki Moscow Region";1
221;"KIROLBET Baskonia Vitoria-Gasteiz";200;60;6;16;22;16;4;12;3;2;22;19;55;20;37;5;20;5;6;"Zalgiris Kaunas";1
222;"Crvena Zvezda mts Belgrade";200;81;7;20;27;13;6;11;2;3;25;20;74;21;39;7;20;18;23;"CSKA Moscow";1
223;"FC Bayern Munich";200;63;8;19;27;16;6;15;0;2;16;15;60;21;38;5;16;6;12;"Anadolu Efes Istanbul";1
224;"Panathinaikos OPAP Athens";200;81;8;29;37;19;8;15;5;0;21;18;94;24;37;6;28;15;18;"FC Barcelona";1
225;"Valencia Basket";200;82;11;24;35;16;5;10;1;2;15;20;95;20;39;10;25;12;15;"Maccabi FOX Tel Aviv";1
226;"Real Madrid";200;96;10;27;37;24;8;5;2;4;19;24;123;21;34;10;31;24;30;"Panathinaikos OPAP Athens";1
227;"CSKA Moscow";200;80;8;25;33;14;8;14;2;1;20;20;89;18;36;11;24;11;13;"FC Barcelona";1
228;"Zenit St Petersburg";200;68;10;21;31;19;8;8;3;7;19;18;73;23;37;5;30;7;8;"FC Bayern Munich";1
229;"ALBA Berlin";200;86;7;17;24;21;8;13;3;3;17;19;92;20;32;12;31;10;15;"Anadolu Efes Istanbul";1
23;"FC Bayern Munich";200;104;12;24;36;24;10;9;4;6;18;21;138;31;55;10;12;12;14;"LDLC ASVEL Villeurbanne";1
230;"Maccabi FOX Tel Aviv";200;71;6;24;30;14;12;14;1;4;21;18;67;15;32;10;30;11;14;"Olympiacos Piraeus";1
231;"KIROLBET Baskonia Vitoria-Gasteiz";200;71;6;31;37;14;7;10;2;0;18;21;89;21;35;6;20;11;18;"Crvena Zvezda mts Belgrade";1
232;"Khimki Moscow Region";200;108;10;20;30;26;10;8;2;3;19;22;137;24;39;16;30;12;14;"LDLC ASVEL Villeurbanne";1
233;"Zalgiris Kaunas";225;105;10;22;32;23;6;9;1;1;19;26;133;25;41;10;20;25;30;"AX Armani Exchange Milan";1
234;"Valencia Basket";200;86;7;15;22;21;7;9;0;0;14;22;104;14;25;14;31;16;19;"Fenerbahce Beko Istanbul";1
235;"CSKA Moscow";200;86;10;24;34;12;7;15;4;2;17;23;94;15;34;12;25;20;26;"Zenit St Petersburg";1
236;"Zalgiris Kaunas";200;96;3;23;26;29;6;9;2;1;20;21;125;23;32;14;28;8;10;"Khimki Moscow Region";1
237;"Olympiacos Piraeus";200;81;7;27;34;12;6;17;2;0;21;20;86;22;38;9;21;10;13;"Panathinaikos OPAP Athens";1
238;"LDLC ASVEL Villeurbanne";200;72;10;25;35;16;8;12;4;5;24;19;77;18;31;7;26;15;19;"Valencia Basket";1
239;"AX Armani Exchange Milan";200;73;5;26;31;8;9;13;5;5;18;20;73;14;34;10;24;15;18;"Real Madrid";1
24;"Panathinaikos OPAP Athens";200;78;15;27;42;11;3;7;4;1;15;17;91;30;52;3;20;9;11;"AX Armani Exchange Milan";1
240;"Fenerbahce Beko Istanbul";200;66;5;23;28;13;8;10;2;0;17;20;74;16;32;7;22;13;18;"Crvena Zvezda mts Belgrade";1
241;"ALBA Berlin";200;80;15;23;38;15;1;14;2;2;23;19;73;20;42;9;26;13;17;"FC Barcelona";1
242;"Maccabi FOX Tel Aviv";200;77;15;27;42;13;3;9;1;3;19;13;75;22;40;8;29;9;13;"Anadolu Efes Istanbul";1
243;"FC Bayern Munich";200;71;7;14;21;17;11;19;0;1;22;20;67;18;31;9;24;8;11;"KIROLBET Baskonia Vitoria-Gasteiz";1
244;"Zenit St Petersburg";225;76;13;22;35;15;6;11;2;3;20;25;83;21;43;7;19;13;21;"Zalgiris Kaunas";1
245;"Panathinaikos OPAP Athens";200;66;16;23;39;14;6;9;2;4;21;25;65;13;37;7;30;19;25;"CSKA Moscow";1
246;"Real Madrid";200;87;7;30;37;20;5;17;4;3;21;28;107;18;28;10;23;21;31;"LDLC ASVEL Villeurbanne";1
247;"Valencia Basket";225;81;12;30;42;15;6;13;1;3;20;24;89;19;43;9;26;16;19;"AX Armani Exchange Milan";1
248;"Khimki Moscow Region";200;82;9;25;34;22;4;11;2;3;16;18;101;20;34;11;28;9;9;"Fenerbahce Beko Istanbul";1
249;"Anadolu Efes Istanbul";200;91;5;20;25;20;11;8;1;0;18;21;109;17;31;14;31;15;18;"Olympiacos Piraeus";1
25;"Olympiacos Piraeus";225;68;16;28;44;13;6;16;2;2;23;22;65;18;37;6;30;14;20;"Zenit St Petersburg";1
250;"Crvena Zvezda mts Belgrade";200;92;13;21;34;23;6;14;2;3;23;24;100;18;39;13;23;17;27;"Maccabi FOX Tel Aviv";1
251;"FC Barcelona";200;83;14;23;37;17;6;12;3;2;22;30;98;12;28;11;31;26;32;"FC Bayern Munich";1
252;"KIROLBET Baskonia Vitoria-Gasteiz";200;73;10;22;32;21;9;14;2;4;18;22;86;25;45;4;15;11;17;"ALBA Berlin";1
26;"FC Barcelona";200;103;17;31;48;24;8;19;4;2;24;27;129;25;43;12;28;17;23;"ALBA Berlin";1
27;"Valencia Basket";200;78;13;21;34;23;7;14;0;4;20;14;82;27;43;7;27;3;3;"Anadolu Efes Istanbul";1
28;"Zenit St Petersburg";200;79;16;22;38;20;7;15;3;4;18;19;85;20;35;9;30;12;20;"Panathinaikos OPAP Athens";1
29;"Anadolu Efes Istanbul";200;76;12;32;44;15;9;11;2;6;20;17;84;21;42;8;26;10;13;"Real Madrid";1
3;"FC Bayern Munich";200;78;8;33;41;16;8;10;2;3;20;23;92;23;47;6;20;14;19;"AX Armani Exchange Milan";1
30;"Maccabi FOX Tel Aviv";200;76;11;28;39;19;6;8;0;1;27;17;81;22;40;9;27;5;9;"Valencia Basket";1
31;"FC Bayern Munich";200;74;11;19;30;12;7;19;2;2;20;21;68;17;35;9;24;13;17;"Khimki Moscow Region";1
32;"Crvena Zvezda mts Belgrade";200;65;10;22;32;16;12;21;3;3;20;21;66;19;35;6;22;9;16;"FC Barcelona";1
33;"Zalgiris Kaunas";200;70;8;28;36;12;2;15;3;5;22;23;76;16;29;8;19;14;18;"LDLC ASVEL Villeurbanne";1
34;"ALBA Berlin";200;66;14;19;33;20;10;15;0;1;21;22;64;16;40;7;24;13;22;"CSKA Moscow";1
35;"AX Armani Exchange Milan";200;87;12;27;39;20;5;13;1;1;23;19;100;21;42;9;19;18;21;"Fenerbahce Beko Istanbul";1
36;"KIROLBET Baskonia Vitoria-Gasteiz";200;82;19;32;51;12;4;8;8;2;17;14;102;22;45;10;28;8;9;"Olympiacos Piraeus";1
37;"Khimki Moscow Region";200;103;14;31;45;25;1;17;6;1;21;17;128;22;37;15;29;14;15;"Panathinaikos OPAP Athens";1
38;"Anadolu Efes Istanbul";200;85;8;25;33;15;8;20;1;0;15;21;98;14;26;13;30;18;19;"Crvena Zvezda mts Belgrade";1
39;"ALBA Berlin";200;78;13;21;34;15;10;13;2;2;20;21;81;9;28;14;37;18;20;"AX Armani Exchange Milan";1
4;"Real Madrid";200;81;7;20;27;23;10;15;2;1;21;20;96;20;33;11;24;8;12;"Fenerbahce Beko Istanbul";1
40;"LDLC ASVEL Villeurbanne";200;66;10;24;34;17;4;12;5;3;20;28;78;13;33;8;21;16;24;"KIROLBET Baskonia Vitoria-Gasteiz";1
41;"CSKA Moscow";200;79;8;28;36;18;4;12;1;1;24;18;83;22;36;7;26;14;17;"Olympiacos Piraeus";1
42;"Zalgiris Kaunas";225;70;17;25;42;13;4;18;3;8;26;21;57;14;37;7;27;21;22;"Zenit St Petersburg";1
43;"Maccabi FOX Tel Aviv";200;67;15;29;44;14;10;16;4;1;20;24;80;17;37;6;20;15;27;"Fenerbahce Beko Istanbul";1
44;"FC Bayern Munich";200;95;9;27;36;23;4;12;1;4;25;22;108;32;51;6;15;13;17;"Real Madrid";1
45;"FC Barcelona";200;83;7;30;37;14;3;10;1;3;21;20;92;19;35;8;21;21;24;"Valencia Basket";1
46;"Crvena Zvezda mts Belgrade";200;90;10;27;37;23;7;9;2;4;25;23;107;21;41;11;23;15;20;"Khimki Moscow Region";1
47;"Panathinaikos OPAP Athens";200;86;9;30;39;19;6;12;3;1;21;18;103;25;43;9;20;9;14;"Anadolu Efes Istanbul";1
48;"Zenit St Petersburg";200;70;6;20;26;19;6;16;0;4;20;21;71;22;41;6;14;8;12;"CSKA Moscow";1
49;"Fenerbahce Beko Istanbul";200;76;10;13;23;15;7;12;0;0;25;26;67;18;38;8;21;16;26;"Zalgiris Kaunas";1
5;"Zalgiris Kaunas";200;58;17;22;39;13;6;17;1;7;16;22;52;13;36;8;25;8;15;"KIROLBET Baskonia Vitoria-Gasteiz";1
50;"Valencia Basket";200;81;10;24;34;21;4;11;0;2;16;27;104;18;32;8;21;21;28;"LDLC ASVEL Villeurbanne";1
51;"AX Armani Exchange Milan";200;83;8;31;39;16;7;13;4;1;24;18;93;17;38;14;28;7;8;"FC Barcelona";1
52;"Olympiacos Piraeus";200;65;7;25;32;10;5;11;2;3;21;23;55;18;41;6;21;11;20;"Maccabi FOX Tel Aviv";1
53;"KIROLBET Baskonia Vitoria-Gasteiz";200;93;13;29;42;15;5;14;6;4;22;26;117;20;38;12;22;17;19;"FC Bayern Munich";1
54;"Real Madrid";200;85;6;26;32;22;13;18;4;2;17;25;112;22;32;7;20;20;29;"ALBA Berlin";1
55;"Zenit St Petersburg";200;73;14;17;31;19;8;17;1;2;14;20;79;20;34;9;30;6;11;"Khimki Moscow Region";1
56;"Crvena Zvezda mts Belgrade";200;60;7;24;31;11;2;12;3;7;18;18;52;12;31;8;21;12;16;"Real Madrid";1
57;"Olympiacos Piraeus";200;67;12;20;32;14;5;17;2;2;16;15;61;16;32;8;28;11;14;"Anadolu Efes Istanbul";1
58;"Maccabi FOX Tel Aviv";200;104;8;28;36;21;12;15;0;2;24;22;123;25;41;11;22;21;25;"ALBA Berlin";1
59;"AX Armani Exchange Milan";200;81;2;24;26;14;9;14;2;1;21;21;90;16;30;10;22;19;20;"KIROLBET Baskonia Vitoria-Gasteiz";1
6;"Anadolu Efes Istanbul";200;64;13;24;37;18;4;10;2;5;15;18;65;14;32;10;39;6;7;"FC Barcelona";1
60;"Fenerbahce Beko Istanbul";200;90;3;17;20;24;6;9;3;0;22;20;109;20;30;12;24;14;15;"FC Bayern Munich";1
61;"Zalgiris Kaunas";200;86;8;13;21;19;5;10;0;0;19;17;87;21;31;11;30;11;14;"FC Barcelona";1
62;"Panathinaikos OPAP Athens";200;91;6;29;35;19;6;14;3;3;18;19;105;24;45;10;19;13;16;"Valencia Basket";1
63;"LDLC ASVEL Villeurbanne";200;67;9;27;36;9;3;14;1;2;21;23;60;11;31;9;25;18;24;"CSKA Moscow";1
64;"Khimki Moscow Region";200;87;5;27;32;17;5;12;5;1;17;11;97;21;34;12;27;9;11;"AX Armani Exchange Milan";1
65;"Anadolu Efes Istanbul";200;90;7;24;31;20;2;17;4;2;17;26;112;22;30;7;22;25;27;"Zenit St Petersburg";1
66;"Panathinaikos OPAP Athens";250;105;16;24;40;24;8;14;3;1;19;21;116;30;54;9;30;18;24;"ALBA Berlin";1
67;"KIROLBET Baskonia Vitoria-Gasteiz";200;83;9;18;27;16;9;18;4;4;15;27;86;12;29;11;27;26;36;"Maccabi FOX Tel Aviv";1
68;"Real Madrid";200;86;11;30;41;17;10;13;4;1;24;23;105;20;35;8;27;22;26;"FC Barcelona";1
69;"CSKA Moscow";200;88;13;26;39;16;5;9;6;2;16;18;110;17;36;13;28;15;16;"Fenerbahce Beko Istanbul";1
7;"ALBA Berlin";200;85;11;31;42;23;5;10;4;4;19;17;106;19;40;13;29;8;8;"Zenit St Petersburg";1
70;"Crvena Zvezda mts Belgrade";225;72;13;24;37;14;14;13;6;7;20;21;72;20;48;6;25;14;19;"LDLC ASVEL Villeurbanne";1
71;"Olympiacos Piraeus";200;83;6;26;32;17;4;12;5;0;26;28;100;19;28;8;26;21;25;"Zalgiris Kaunas";1
72;"Valencia Basket";200;82;8;27;35;16;14;10;1;2;12;19;110;24;37;9;25;7;11;"FC Bayern Munich";1
73;"Zalgiris Kaunas";200;85;10;28;38;19;2;13;3;3;24;21;90;15;34;11;27;22;25;"Panathinaikos OPAP Athens";1
74;"ALBA Berlin";200;93;8;26;34;20;5;11;6;2;15;18;117;21;36;12;25;15;18;"Crvena Zvezda mts Belgrade";1
75;"FC Bayern Munich";200;85;8;20;28;19;9;11;1;1;20;22;100;24;44;6;13;19;24;"Olympiacos Piraeus";1
76;"LDLC ASVEL Villeurbanne";200;84;9;19;28;22;2;8;3;1;28;19;85;21;31;9;29;15;21;"Anadolu Efes Istanbul";1
77;"AX Armani Exchange Milan";200;92;7;23;30;20;5;11;2;4;21;24;104;20;37;11;24;19;22;"Maccabi FOX Tel Aviv";1
78;"Real Madrid";200;104;6;33;39;21;4;12;5;2;15;18;133;26;45;13;22;13;14;"Khimki Moscow Region";1
79;"Valencia Basket";200;94;13;22;35;20;4;11;2;2;20;21;107;17;36;16;29;12;16;"Zenit St Petersburg";1
8;"LDLC ASVEL Villeurbanne";200;82;9;24;33;17;3;9;5;1;22;18;94;25;44;7;18;11;13;"Olympiacos Piraeus";1
80;"FC Barcelona";200;89;11;28;39;22;9;12;1;2;18;16;109;23;39;11;29;10;11;"Fenerbahce Beko Istanbul";1
81;"KIROLBET Baskonia Vitoria-Gasteiz";200;80;7;32;39;11;11;18;7;4;22;27;89;17;34;7;24;25;33;"CSKA Moscow";1
82;"Zalgiris Kaunas";200;59;13;22;35;12;4;10;3;1;22;24;61;17;35;3;21;16;23;"Crvena Zvezda mts Belgrade";1
83;"ALBA Berlin";200;80;6;21;27;19;4;14;2;3;19;22;86;11;27;13;27;19;21;"Olympiacos Piraeus";1
84;"AX Armani Exchange Milan";200;76;12;24;36;19;4;10;8;2;23;13;78;16;38;12;31;8;10;"Anadolu Efes Istanbul";1
85;"Valencia Basket";200;89;17;27;44;17;3;9;1;4;16;24;107;28;48;6;22;15;21;"Khimki Moscow Region";1
86;"FC Bayern Munich";200;75;9;26;35;15;5;10;5;2;14;21;91;23;43;7;21;8;13;"Panathinaikos OPAP Athens";1
87;"LDLC ASVEL Villeurbanne";200;72;14;13;27;19;8;8;1;5;23;15;61;19;44;9;26;7;10;"Fenerbahce Beko Istanbul";1
88;"FC Barcelona";200;96;11;26;37;20;6;10;3;1;18;30;123;23;39;11;25;17;27;"Maccabi FOX Tel Aviv";1
89;"KIROLBET Baskonia Vitoria-Gasteiz";200;70;14;29;43;14;4;15;3;1;18;19;78;22;38;7;27;5;10;"Zenit St Petersburg";1
9;"Valencia Basket";200;71;9;23;32;15;5;10;4;3;19;24;77;17;36;5;21;22;29;"CSKA Moscow";1
90;"Real Madrid";200;97;6;31;37;15;8;12;5;1;21;23;117;25;41;10;24;17;21;"CSKA Moscow";1
91;"Fenerbahce Beko Istanbul";200;89;5;24;29;17;9;13;2;2;13;16;106;23;36;13;24;4;8;"Khimki Moscow Region";1
92;"Crvena Zvezda mts Belgrade";200;76;6;21;27;17;8;16;4;0;25;19;81;19;34;7;19;17;19;"Valencia Basket";1
93;"ALBA Berlin";200;69;7;26;33;15;9;17;2;1;21;24;75;18;40;5;14;18;25;"Zalgiris Kaunas";1
94;"Panathinaikos OPAP Athens";200;100;12;29;41;21;6;7;2;2;19;15;122;22;41;13;28;17;18;"KIROLBET Baskonia Vitoria-Gasteiz";1
95;"Maccabi FOX Tel Aviv";200;93;9;30;39;20;8;12;1;2;26;21;108;25;39;9;22;16;23;"LDLC ASVEL Villeurbanne";1
96;"Zenit St Petersburg";200;71;15;22;37;17;6;9;3;4;20;13;71;24;51;7;20;2;5;"Real Madrid";1
97;"Anadolu Efes Istanbul";200;104;9;25;34;23;8;15;5;1;17;18;135;22;30;14;28;18;20;"FC Bayern Munich";1
98;"Olympiacos Piraeus";200;91;9;28;37;14;6;10;0;1;21;27;110;24;38;8;21;19;25;"AX Armani Exchange Milan";1
99;"FC Barcelona";200;67;8;20;28;14;7;16;1;0;18;18;63;22;38;2;18;17;23;"CSKA Moscow";1
1;"Maccabi FOX Tel Aviv";200;83;10;29;39;15;6;15;3;1;22;23;93;26;40;4;22;19;25;"Khimki Moscow Region";0
10;"FC Bayern Munich";200;68;8;26;34;14;3;11;6;3;21;16;70;21;43;4;13;14;19;"CSKA Moscow";0
100;"Zalgiris Kaunas";225;82;15;33;48;12;1;15;2;5;20;24;86;24;51;6;18;16;20;"CSKA Moscow";0
101;"FC Bayern Munich";200;55;4;27;31;10;5;19;3;4;18;20;49;12;28;4;19;19;22;"Maccabi FOX Tel Aviv";0
102;"Crvena Zvezda mts Belgrade";200;77;9;31;40;13;3;10;6;3;22;17;87;18;39;10;22;11;12;"AX Armani Exchange Milan";0
103;"Valencia Basket";200;99;13;20;33;18;3;8;2;7;22;21;100;21;40;12;28;21;25;"Real Madrid";0
104;"LDLC ASVEL Villeurbanne";200;70;12;25;37;19;3;11;1;3;23;17;71;22;44;5;21;11;12;"Zenit St Petersburg";0
105;"FC Barcelona";200;102;11;23;34;24;5;13;2;5;17;24;122;24;43;12;22;18;23;"Khimki Moscow Region";0
106;"ALBA Berlin";225;102;11;22;33;23;8;13;1;1;28;25;110;19;38;14;29;22;28;"Fenerbahce Beko Istanbul";0
107;"Olympiacos Piraeus";225;93;12;36;48;20;5;12;3;4;22;25;108;20;43;11;25;20;31;"Panathinaikos OPAP Athens";0
108;"Anadolu Efes Istanbul";200;102;7;26;33;27;7;9;3;1;15;14;133;25;32;15;32;7;11;"KIROLBET Baskonia Vitoria-Gasteiz";0
109;"ALBA Berlin";200;87;16;21;37;23;3;15;0;3;20;21;92;22;43;8;23;19;24;"Khimki Moscow Region";0
11;"Fenerbahce Beko Istanbul";200;56;11;19;30;14;5;12;3;4;24;22;46;10;29;9;29;9;14;"Crvena Zvezda mts Belgrade";0
110;"Anadolu Efes Istanbul";200;81;7;24;31;17;8;12;0;1;15;16;95;23;34;5;21;20;23;"Fenerbahce Beko Istanbul";0
111;"KIROLBET Baskonia Vitoria-Gasteiz";200;72;10;23;33;14;6;16;5;3;21;19;73;15;34;10;23;12;16;"Crvena Zvezda mts Belgrade";0
112;"CSKA Moscow";200;80;18;26;44;16;8;17;1;2;18;19;86;20;40;8;29;16;20;"Maccabi FOX Tel Aviv";0
113;"Olympiacos Piraeus";200;77;6;25;31;18;7;19;0;1;18;15;80;22;41;9;17;6;9;"Real Madrid";0
114;"Valencia Basket";200;86;8;18;26;21;2;15;1;0;20;20;93;17;23;13;29;13;19;"Zalgiris Kaunas";0
115;"Zenit St Petersburg";200;69;18;15;33;12;4;12;1;1;20;24;61;14;31;10;36;11;17;"FC Bayern Munich";0
116;"AX Armani Exchange Milan";200;82;6;22;28;22;4;10;2;2;23;26;97;17;37;8;15;24;29;"LDLC ASVEL Villeurbanne";0
117;"Panathinaikos OPAP Athens";200;86;6;20;26;19;7;9;1;1;22;16;89;26;38;7;23;13;19;"FC Barcelona";0
118;"Maccabi FOX Tel Aviv";200;82;5;24;29;22;10;17;4;1;18;21;103;20;35;8;18;18;22;"Zenit St Petersburg";0
119;"Anadolu Efes Istanbul";200;74;17;24;41;16;8;12;2;2;21;17;87;27;49;6;20;2;2;"Zalgiris Kaunas";0
12;"Panathinaikos OPAP Athens";200;78;11;22;33;14;6;17;3;3;19;21;76;20;35;8;20;14;27;"LDLC ASVEL Villeurbanne";0
120;"AX Armani Exchange Milan";200;67;14;29;43;7;0;14;1;4;23;18;55;22;49;5;14;8;12;"Real Madrid";0
121;"Fenerbahce Beko Istanbul";200;78;9;18;27;18;11;11;1;0;22;23;89;22;38;5;23;19;21;"Panathinaikos OPAP Athens";0
122;"LDLC ASVEL Villeurbanne";200;67;5;24;29;14;4;21;1;3;24;15;49;16;37;11;20;2;5;"FC Barcelona";0
123;"KIROLBET Baskonia Vitoria-Gasteiz";200;77;15;24;39;10;3;16;5;0;25;16;70;24;46;8;22;5;8;"Valencia Basket";0
124;"Crvena Zvezda mts Belgrade";200;74;8;21;29;19;3;10;1;4;19;18;78;18;35;9;20;11;16;"CSKA Moscow";0
125;"FC Bayern Munich";225;77;12;30;42;17;6;25;4;6;25;21;74;17;33;10;26;13;18;"ALBA Berlin";0
126;"Khimki Moscow Region";225;98;14;24;38;18;5;17;5;2;30;21;89;16;34;16;40;18;23;"Olympiacos Piraeus";0
127;"Zenit St Petersburg";200;84;9;19;28;24;4;14;5;0;25;22;95;19;33;12;26;10;15;"Fenerbahce Beko Istanbul";0
128;"Panathinaikos OPAP Athens";200;79;10;22;32;13;2;12;5;5;20;14;74;22;41;8;20;11;14;"Maccabi FOX Tel Aviv";0
129;"Valencia Basket";200;71;15;25;40;15;6;11;1;1;20;22;79;18;36;6;28;17;21;"AX Armani Exchange Milan";0
13;"Maccabi FOX Tel Aviv";200;85;8;25;33;9;7;7;2;0;26;19;87;22;37;10;27;11;14;"Real Madrid";0
130;"Real Madrid";200;77;7;35;42;20;6;15;2;3;20;17;93;20;37;10;23;7;10;"KIROLBET Baskonia Vitoria-Gasteiz";0
131;"Zalgiris Kaunas";200;74;7;18;25;19;10;11;2;2;16;25;90;19;35;5;21;21;25;"Khimki Moscow Region";0
132;"CSKA Moscow";200;81;15;23;38;16;4;16;7;0;22;16;91;22;36;9;25;10;13;"Anadolu Efes Istanbul";0
133;"Olympiacos Piraeus";200;81;6;26;32;17;6;13;1;0;22;23;93;18;33;8;21;21;25;"Crvena Zvezda mts Belgrade";0
134;"FC Barcelona";200;77;8;25;33;17;11;16;4;2;21;18;93;26;38;3;19;16;16;"FC Bayern Munich";0
135;"ALBA Berlin";200;81;14;18;32;17;4;8;2;5;19;24;86;26;47;3;19;20;25;"LDLC ASVEL Villeurbanne";0
136;"AX Armani Exchange Milan";200;75;9;25;34;16;7;11;5;3;21;18;80;23;43;6;21;11;16;"CSKA Moscow";0
137;"Maccabi FOX Tel Aviv";200;79;16;21;37;21;7;13;1;4;16;13;79;19;42;10;30;11;14;"Anadolu Efes Istanbul";0
138;"KIROLBET Baskonia Vitoria-Gasteiz";200;57;15;18;33;10;10;19;1;3;24;18;42;20;43;3;19;8;10;"ALBA Berlin";0
139;"Real Madrid";200;87;18;27;45;24;6;9;2;3;12;20;113;17;34;14;40;11;15;"Panathinaikos OPAP Athens";0
14;"FC Barcelona";200;87;13;21;34;20;6;9;1;2;20;19;99;20;45;10;20;17;19;"Zenit St Petersburg";0
140;"Khimki Moscow Region";200;88;9;20;29;19;6;13;0;2;22;21;94;24;39;9;21;13;18;"LDLC ASVEL Villeurbanne";0
141;"Crvena Zvezda mts Belgrade";200;65;14;30;44;14;4;18;3;6;23;17;68;20;44;7;14;4;5;"Zenit St Petersburg";0
142;"Valencia Basket";225;100;23;27;50;22;9;14;1;2;24;26;118;24;44;9;30;25;34;"Fenerbahce Beko Istanbul";0
143;"Zalgiris Kaunas";200;98;12;15;27;29;9;7;4;3;19;20;127;22;37;13;28;15;16;"FC Bayern Munich";0
144;"Olympiacos Piraeus";200;80;10;25;35;18;6;16;4;2;22;18;83;26;45;6;21;10;14;"FC Barcelona";0
145;"FC Bayern Munich";200;63;14;15;29;13;9;10;1;6;20;20;50;19;42;4;21;13;22;"Crvena Zvezda mts Belgrade";0
146;"Maccabi FOX Tel Aviv";200;68;16;26;42;17;6;19;4;5;30;19;60;14;34;9;26;13;18;"Zalgiris Kaunas";0
147;"Fenerbahce Beko Istanbul";200;96;11;16;27;20;11;10;0;1;20;18;110;17;34;16;29;14;15;"Olympiacos Piraeus";0
148;"FC Barcelona";200;74;7;25;32;18;6;16;2;2;18;21;88;17;30;10;23;10;13;"KIROLBET Baskonia Vitoria-Gasteiz";0
149;"Panathinaikos OPAP Athens";225;106;12;33;45;28;7;8;4;2;19;23;136;29;55;9;24;21;28;"CSKA Moscow";0
15;"KIROLBET Baskonia Vitoria-Gasteiz";200;76;20;23;43;13;10;11;4;7;21;26;77;23;48;4;20;18;33;"Khimki Moscow Region";0
150;"Khimki Moscow Region";200;82;11;16;27;21;1;12;0;4;25;17;76;21;35;10;26;10;11;"Anadolu Efes Istanbul";0
151;"Real Madrid";200;87;7;32;39;19;6;13;7;2;16;24;119;20;34;10;24;17;21;"LDLC ASVEL Villeurbanne";0
152;"Zenit St Petersburg";200;72;11;22;33;20;6;12;2;1;23;20;76;19;38;9;24;7;14;"AX Armani Exchange Milan";0
153;"ALBA Berlin";200;77;9;18;27;20;5;19;1;1;20;13;76;18;27;13;31;2;2;"Valencia Basket";0
154;"Maccabi FOX Tel Aviv";200;95;7;28;35;22;4;11;3;4;23;18;106;20;38;14;27;13;15;"ALBA Berlin";0
155;"Panathinaikos OPAP Athens";200;87;13;24;37;17;6;9;4;3;20;17;93;23;45;10;27;11;15;"AX Armani Exchange Milan";0
156;"Fenerbahce Beko Istanbul";200;79;4;22;26;22;5;17;1;4;19;19;90;11;21;16;27;9;10;"KIROLBET Baskonia Vitoria-Gasteiz";0
157;"Zalgiris Kaunas";200;82;12;15;27;13;7;10;3;4;17;15;77;17;31;13;35;9;12;"Real Madrid";0
158;"Zenit St Petersburg";200;83;13;26;39;23;11;15;2;2;20;23;105;23;39;9;26;10;16;"Khimki Moscow Region";0
159;"CSKA Moscow";200;84;16;29;45;16;5;14;7;0;18;24;108;16;30;11;34;19;23;"FC Bayern Munich";0
16;"ALBA Berlin";225;105;14;27;41;28;4;7;2;3;21;19;127;25;48;14;30;13;15;"Anadolu Efes Istanbul";0
160;"Crvena Zvezda mts Belgrade";200;83;8;22;30;17;4;14;3;4;26;25;85;26;38;6;15;13;25;"LDLC ASVEL Villeurbanne";0
161;"Anadolu Efes Istanbul";200;86;10;30;40;12;5;16;3;6;19;23;93;15;33;13;29;17;18;"FC Barcelona";0
162;"Olympiacos Piraeus";200;93;6;27;33;23;6;8;2;2;28;19;100;21;33;12;32;15;21;"Valencia Basket";0
163;"Real Madrid";200;55;10;27;37;11;5;17;6;3;21;22;51;10;29;9;32;8;10;"CSKA Moscow";0
164;"Valencia Basket";200;84;12;22;34;19;7;11;0;0;12;16;104;20;35;12;29;8;9;"Khimki Moscow Region";0
165;"AX Armani Exchange Milan";200;68;13;27;40;17;5;12;2;4;18;18;69;18;47;7;23;11;13;"Anadolu Efes Istanbul";0
166;"LDLC ASVEL Villeurbanne";200;64;10;22;32;14;7;17;3;2;26;21;58;16;37;5;19;17;20;"Fenerbahce Beko Istanbul";0
167;"ALBA Berlin";200;93;4;19;23;19;6;11;2;1;20;21;106;18;31;13;23;18;21;"Olympiacos Piraeus";0
168;"FC Barcelona";200;85;5;26;31;22;3;17;2;0;23;26;96;18;28;11;26;16;24;"Maccabi FOX Tel Aviv";0
169;"KIROLBET Baskonia Vitoria-Gasteiz";200;66;12;13;25;13;12;20;2;3;20;19;60;17;32;7;25;11;12;"Zenit St Petersburg";0
17;"Valencia Basket";200;63;8;16;24;15;10;20;0;3;21;17;50;15;27;8;27;9;13;"Olympiacos Piraeus";0
170;"Zalgiris Kaunas";200;76;8;27;35;13;6;12;1;4;20;20;84;20;36;8;19;12;16;"Crvena Zvezda mts Belgrade";0
171;"FC Bayern Munich";200;83;7;16;23;24;6;13;1;5;20;18;84;13;30;15;30;12;13;"Panathinaikos OPAP Athens";0
172;"Real Madrid";200;94;7;17;24;23;8;12;2;1;19;25;114;19;31;12;27;20;23;"Khimki Moscow Region";0
173;"FC Barcelona";200;80;13;21;34;14;4;9;2;3;22;25;84;16;39;10;25;18;21;"Fenerbahce Beko Istanbul";0
174;"AX Armani Exchange Milan";200;63;6;30;36;12;5;14;5;2;23;20;60;10;32;11;24;10;17;"Maccabi FOX Tel Aviv";0
175;"KIROLBET Baskonia Vitoria-Gasteiz";200;90;20;19;39;13;4;11;3;3;22;21;94;26;46;7;22;17;22;"CSKA Moscow";0
176;"Valencia Basket";200;86;6;20;26;19;5;16;3;1;16;19;105;21;35;11;17;11;11;"Zenit St Petersburg";0
177;"LDLC ASVEL Villeurbanne";200;74;10;21;31;23;5;11;2;1;15;14;84;18;36;9;26;11;14;"Anadolu Efes Istanbul";0
178;"ALBA Berlin";225;94;14;22;36;19;8;19;3;2;20;23;105;19;31;14;37;14;16;"Crvena Zvezda mts Belgrade";0
179;"FC Bayern Munich";200;72;13;18;31;19;7;13;1;2;20;15;72;14;41;12;21;8;10;"Olympiacos Piraeus";0
18;"Zalgiris Kaunas";200;81;15;16;31;10;7;13;0;5;23;21;76;21;42;6;17;21;22;"AX Armani Exchange Milan";0
180;"Zalgiris Kaunas";200;94;5;20;25;17;7;13;1;0;22;23;105;22;34;10;22;20;23;"Panathinaikos OPAP Athens";0
181;"Valencia Basket";200;70;8;24;32;14;3;13;0;2;18;17;69;19;31;8;29;8;9;"CSKA Moscow";0
182;"Olympiacos Piraeus";200;87;15;18;33;22;7;13;2;2;26;19;92;20;36;12;29;11;15;"Zenit St Petersburg";0
183;"Maccabi FOX Tel Aviv";200;68;10;20;30;20;9;14;2;2;20;17;70;15;29;11;34;5;8;"FC Bayern Munich";0
184;"Crvena Zvezda mts Belgrade";200;82;11;19;30;18;7;14;1;2;17;19;90;23;42;8;20;12;15;"FC Barcelona";0
185;"Khimki Moscow Region";200;79;13;20;33;19;6;15;1;3;30;18;66;19;33;10;35;11;14;"KIROLBET Baskonia Vitoria-Gasteiz";0
186;"AX Armani Exchange Milan";200;64;8;20;28;18;7;12;5;0;18;17;77;26;41;3;16;3;7;"Fenerbahce Beko Istanbul";0
187;"ALBA Berlin";200;80;18;17;35;16;7;10;1;2;17;27;90;18;41;8;26;20;26;"Zalgiris Kaunas";0
188;"LDLC ASVEL Villeurbanne";200;88;16;15;31;16;6;13;1;7;17;17;83;19;42;12;27;14;15;"Panathinaikos OPAP Athens";0
189;"Anadolu Efes Istanbul";200;80;6;24;30;13;5;12;1;3;15;21;93;15;30;10;19;20;23;"Real Madrid";0
19;"Khimki Moscow Region";200;86;8;23;31;17;6;14;6;1;20;20;98;19;29;12;31;12;16;"CSKA Moscow";0
190;"CSKA Moscow";200;78;16;30;46;14;12;14;1;3;17;19;95;23;43;7;25;11;14;"Khimki Moscow Region";0
191;"Fenerbahce Beko Istanbul";200;74;6;25;31;16;7;19;4;1;21;18;81;17;29;10;24;10;12;"ALBA Berlin";0
192;"KIROLBET Baskonia Vitoria-Gasteiz";200;70;11;18;29;16;4;11;1;4;24;19;57;13;32;12;29;8;15;"Olympiacos Piraeus";0
193;"Real Madrid";200;81;8;25;33;16;9;19;8;0;16;25;105;23;36;5;20;20;24;"Maccabi FOX Tel Aviv";0
194;"Zalgiris Kaunas";200;79;7;22;29;10;3;10;0;3;23;22;77;24;40;6;15;13;18;"LDLC ASVEL Villeurbanne";0
195;"Zenit St Petersburg";200;72;20;19;39;18;8;16;1;3;15;18;78;19;38;9;29;7;12;"FC Barcelona";0
196;"FC Bayern Munich";200;78;13;20;33;18;5;16;1;4;22;25;81;20;34;7;22;17;25;"AX Armani Exchange Milan";0
197;"Anadolu Efes Istanbul";200;85;10;28;38;19;8;18;5;3;19;17;98;18;32;14;31;7;10;"Crvena Zvezda mts Belgrade";0
198;"Panathinaikos OPAP Athens";200;87;10;28;38;10;8;10;2;5;21;13;81;27;51;8;21;9;13;"Valencia Basket";0
199;"Anadolu Efes Istanbul";200;82;8;23;31;17;7;14;1;3;20;17;86;19;31;12;27;8;13;"CSKA Moscow";0
2;"Crvena Zvezda mts Belgrade";200;82;15;19;34;10;8;13;2;4;27;17;66;22;50;9;22;11;13;"Panathinaikos OPAP Athens";0
20;"Real Madrid";200;73;8;19;27;18;4;12;2;0;21;24;84;18;32;8;23;13;15;"Zalgiris Kaunas";0
200;"Olympiacos Piraeus";200;69;12;19;31;18;5;17;2;1;17;21;77;19;29;6;26;13;17;"Zalgiris Kaunas";0
201;"FC Bayern Munich";200;65;9;19;28;16;8;22;1;3;22;19;61;18;36;5;14;14;16;"LDLC ASVEL Villeurbanne";0
202;"ALBA Berlin";200;102;15;24;39;23;8;12;0;3;23;26;122;23;46;10;22;26;29;"AX Armani Exchange Milan";0
203;"KIROLBET Baskonia Vitoria-Gasteiz";200;69;7;24;31;11;5;19;2;5;22;16;59;19;35;7;19;10;11;"Real Madrid";0
204;"Fenerbahce Beko Istanbul";200;73;8;24;32;17;4;17;2;1;24;17;77;18;29;10;23;7;9;"Zenit St Petersburg";0
205;"Panathinaikos OPAP Athens";200;73;17;30;47;15;5;18;4;3;27;19;71;23;46;4;22;15;18;"Crvena Zvezda mts Belgrade";0
206;"Khimki Moscow Region";200;77;10;29;39;19;6;8;4;3;22;18;85;17;30;10;36;13;19;"Maccabi FOX Tel Aviv";0
207;"FC Barcelona";200;77;9;26;35;20;4;13;0;2;24;18;79;15;32;11;27;14;17;"Valencia Basket";0
208;"Zalgiris Kaunas";200;91;5;18;23;24;4;14;2;3;23;17;96;12;24;19;31;10;11;"Anadolu Efes Istanbul";0
209;"Real Madrid";200;103;10;23;33;31;6;11;4;0;22;23;133;22;33;16;32;11;18;"ALBA Berlin";0
21;"KIROLBET Baskonia Vitoria-Gasteiz";200;80;6;21;27;16;6;12;6;3;26;24;82;19;32;9;27;15;20;"Fenerbahce Beko Istanbul";0
210;"CSKA Moscow";200;59;8;28;36;11;8;21;1;6;26;17;43;15;34;7;20;8;12;"Olympiacos Piraeus";0
211;"LDLC ASVEL Villeurbanne";200;65;7;18;25;15;1;13;3;0;21;22;58;15;34;7;24;14;17;"KIROLBET Baskonia Vitoria-Gasteiz";0
212;"Crvena Zvezda mts Belgrade";200;72;12;33;45;12;8;21;3;3;22;19;73;18;41;7;21;15;18;"Khimki Moscow Region";0
213;"Maccabi FOX Tel Aviv";200;78;4;21;25;17;5;13;1;0;24;16;82;23;34;7;19;11;11;"Fenerbahce Beko Istanbul";0
214;"Valencia Basket";200;66;12;24;36;20;7;18;3;5;18;23;75;13;26;10;31;10;15;"FC Bayern Munich";0
215;"Zenit St Petersburg";200;81;6;18;24;25;8;19;2;4;22;21;81;19;34;12;25;7;14;"Panathinaikos OPAP Athens";0
216;"AX Armani Exchange Milan";200;80;6;27;33;14;5;12;3;1;21;18;82;21;36;10;26;8;14;"FC Barcelona";0
217;"ALBA Berlin";200;83;11;18;29;15;8;11;2;3;20;18;84;21;40;9;22;14;19;"Zenit St Petersburg";0
218;"LDLC ASVEL Villeurbanne";200;68;13;23;36;13;9;15;0;1;30;18;55;20;44;7;24;7;9;"Olympiacos Piraeus";0
219;"Real Madrid";200;94;11;27;38;30;7;14;4;0;20;15;128;28;39;11;25;5;6;"Fenerbahce Beko Istanbul";0
22;"Crvena Zvezda mts Belgrade";225;69;10;26;36;11;4;19;2;4;26;26;56;11;34;8;25;23;26;"Maccabi FOX Tel Aviv";0
220;"Khimki Moscow Region";200;78;9;30;39;19;3;13;3;1;22;20;90;15;30;11;27;15;20;"AX Armani Exchange Milan";0
221;"Zalgiris Kaunas";200;74;17;26;43;14;5;18;2;3;19;22;86;18;32;9;27;11;13;"KIROLBET Baskonia Vitoria-Gasteiz";0
222;"CSKA Moscow";200;86;13;25;38;14;6;12;3;2;20;25;97;20;32;7;28;25;33;"Crvena Zvezda mts Belgrade";0
223;"Anadolu Efes Istanbul";200;88;7;22;29;22;10;11;2;0;15;16;113;16;27;15;30;11;13;"FC Bayern Munich";0
224;"FC Barcelona";200;92;15;28;43;24;7;11;0;5;18;21;106;19;43;11;29;21;26;"Panathinaikos OPAP Athens";0
225;"Maccabi FOX Tel Aviv";200;85;9;27;36;20;7;7;2;1;20;15;100;18;33;14;35;7;8;"Valencia Basket";0
226;"Panathinaikos OPAP Athens";200;78;4;24;28;14;1;12;4;2;24;19;72;17;34;10;24;14;17;"Real Madrid";0
227;"FC Barcelona";200;82;8;23;31;16;5;13;1;2;20;20;86;15;34;12;25;16;18;"CSKA Moscow";0
228;"FC Bayern Munich";200;77;4;28;32;21;4;12;7;3;18;19;101;28;44;4;12;9;11;"Zenit St Petersburg";0
229;"Anadolu Efes Istanbul";200;99;9;25;34;22;9;15;3;3;19;17;120;28;45;11;20;10;11;"ALBA Berlin";0
23;"LDLC ASVEL Villeurbanne";200;63;6;14;20;16;5;18;6;4;21;18;54;15;33;8;19;9;11;"FC Bayern Munich";0
230;"Olympiacos Piraeus";200;70;4;33;37;9;8;21;4;1;18;21;75;19;34;7;17;11;20;"Maccabi FOX Tel Aviv";0
231;"Crvena Zvezda mts Belgrade";200;56;7;24;31;15;5;11;0;2;21;18;52;15;31;5;25;11;14;"KIROLBET Baskonia Vitoria-Gasteiz";0
232;"LDLC ASVEL Villeurbanne";200;79;10;17;27;18;2;17;3;2;22;18;72;20;40;10;19;9;14;"Khimki Moscow Region";0
233;"AX Armani Exchange Milan";225;97;9;17;26;23;5;10;1;1;26;19;99;19;32;15;33;14;18;"Zalgiris Kaunas";0
234;"Fenerbahce Beko Istanbul";200;93;3;21;24;24;8;13;0;0;22;14;109;21;28;14;25;9;10;"Valencia Basket";0
235;"Zenit St Petersburg";200;78;10;22;32;19;9;17;2;4;23;17;76;19;41;10;22;10;13;"CSKA Moscow";0
236;"Khimki Moscow Region";200;85;10;20;30;24;6;14;1;2;22;20;92;23;35;10;24;9;19;"Zalgiris Kaunas";0
237;"Panathinaikos OPAP Athens";200;78;13;22;35;14;13;13;0;2;20;21;84;27;46;1;20;21;25;"Olympiacos Piraeus";0
238;"Valencia Basket";200;65;6;23;29;8;4;14;5;4;20;24;62;18;32;4;20;17;22;"LDLC ASVEL Villeurbanne";0
239;"Real Madrid";200;78;17;28;45;18;8;14;5;5;20;18;88;21;41;9;30;9;13;"AX Armani Exchange Milan";0
24;"AX Armani Exchange Milan";200;79;13;25;38;15;2;9;1;4;17;15;78;15;41;14;26;7;11;"Panathinaikos OPAP Athens";0
240;"Crvena Zvezda mts Belgrade";200;63;14;26;40;14;4;15;0;2;20;17;63;21;41;5;21;6;8;"Fenerbahce Beko Istanbul";0
241;"FC Barcelona";200;84;10;25;35;22;8;14;2;2;19;23;102;19;34;9;26;19;24;"ALBA Berlin";0
242;"Anadolu Efes Istanbul";200;75;6;23;29;9;6;9;3;1;12;18;82;20;38;8;26;11;11;"Maccabi FOX Tel Aviv";0
243;"KIROLBET Baskonia Vitoria-Gasteiz";200;80;8;21;29;16;10;18;1;0;20;21;94;25;41;5;13;15;16;"FC Bayern Munich";0
244;"Zalgiris Kaunas";225;75;10;25;35;21;4;14;3;2;25;20;84;19;36;8;23;13;14;"Zenit St Petersburg";0
245;"CSKA Moscow";200;97;13;35;48;19;2;7;4;2;26;20;116;21;41;12;30;19;20;"Panathinaikos OPAP Athens";0
246;"LDLC ASVEL Villeurbanne";200;78;7;20;27;14;7;11;3;4;28;20;67;24;42;6;24;12;15;"Real Madrid";0
247;"AX Armani Exchange Milan";225;83;8;30;38;14;7;10;3;1;24;20;86;23;40;9;28;10;18;"Valencia Basket";0
248;"Fenerbahce Beko Istanbul";200;68;5;21;26;15;9;13;3;2;18;16;72;18;36;8;21;8;9;"Khimki Moscow Region";0
249;"Olympiacos Piraeus";200;79;6;25;31;21;6;19;0;1;21;18;85;21;34;9;18;10;17;"Anadolu Efes Istanbul";0
25;"Zenit St Petersburg";225;77;12;29;41;14;10;14;2;2;22;23;86;22;51;7;18;12;15;"Olympiacos Piraeus";0
250;"Maccabi FOX Tel Aviv";200;76;10;26;36;17;8;19;3;2;25;23;79;15;25;10;30;16;24;"Crvena Zvezda mts Belgrade";0
251;"FC Bayern Munich";200;80;15;23;38;15;7;14;2;3;30;22;72;16;37;12;27;12;21;"FC Barcelona";0
252;"ALBA Berlin";200;72;8;24;32;22;4;18;4;2;22;18;79;14;29;13;28;5;6;"KIROLBET Baskonia Vitoria-Gasteiz";0
26;"ALBA Berlin";200;84;6;18;24;21;9;17;2;4;27;24;75;8;24;14;35;26;30;"FC Barcelona";0
27;"Anadolu Efes Istanbul";200;83;8;22;30;20;10;10;4;0;14;20;111;26;35;6;27;13;15;"Valencia Basket";0
28;"Panathinaikos OPAP Athens";200;89;7;24;31;27;11;9;4;3;19;18;117;29;47;6;17;13;16;"Zenit St Petersburg";0
29;"Real Madrid";200;60;9;26;35;14;4;16;6;2;17;20;61;7;30;12;30;10;12;"Anadolu Efes Istanbul";0
3;"AX Armani Exchange Milan";200;64;12;29;41;13;6;13;3;2;23;20;59;18;42;4;22;16;24;"FC Bayern Munich";0
30;"Valencia Basket";200;63;12;26;38;10;3;10;1;0;17;26;69;10;30;6;26;25;30;"Maccabi FOX Tel Aviv";0
31;"Khimki Moscow Region";200;87;6;22;28;17;9;18;2;2;21;20;94;19;33;12;23;13;16;"FC Bayern Munich";0
32;"FC Barcelona";200;73;10;23;33;17;10;20;3;3;21;20;75;21;37;7;23;10;15;"Crvena Zvezda mts Belgrade";0
33;"LDLC ASVEL Villeurbanne";200;56;14;16;30;15;7;9;5;3;23;22;56;15;38;6;23;8;12;"Zalgiris Kaunas";0
34;"CSKA Moscow";200;82;12;29;41;18;9;21;1;0;22;21;95;17;27;12;32;12;16;"ALBA Berlin";0
35;"Fenerbahce Beko Istanbul";200;74;11;20;31;16;3;8;1;1;19;23;78;20;41;6;22;16;21;"AX Armani Exchange Milan";0
36;"Olympiacos Piraeus";200;66;9;22;31;13;4;7;2;8;15;17;60;16;38;9;26;7;11;"KIROLBET Baskonia Vitoria-Gasteiz";0
37;"Panathinaikos OPAP Athens";200;86;8;15;23;21;10;5;1;6;17;21;91;23;43;8;25;16;22;"Khimki Moscow Region";0
38;"Crvena Zvezda mts Belgrade";200;70;11;20;31;14;11;16;0;1;21;15;65;23;43;5;23;9;9;"Anadolu Efes Istanbul";0
39;"AX Armani Exchange Milan";200;81;11;31;42;16;6;19;2;2;21;20;91;14;32;12;27;17;18;"ALBA Berlin";0
4;"Fenerbahce Beko Istanbul";200;77;11;20;31;12;5;17;1;2;21;21;76;17;33;8;21;19;21;"Real Madrid";0
40;"KIROLBET Baskonia Vitoria-Gasteiz";200;63;12;27;39;11;5;13;3;5;28;20;54;18;40;5;21;12;15;"LDLC ASVEL Villeurbanne";0
41;"Olympiacos Piraeus";200;84;14;26;40;10;5;8;1;1;19;24;89;23;46;7;23;17;25;"CSKA Moscow";0
42;"Zenit St Petersburg";225;82;16;23;39;16;11;14;8;3;22;26;98;20;41;7;25;21;27;"Zalgiris Kaunas";0
43;"Fenerbahce Beko Istanbul";200;55;7;24;31;11;9;17;1;4;25;20;40;9;34;10;21;7;12;"Maccabi FOX Tel Aviv";0
44;"Real Madrid";200;86;12;20;32;20;7;14;4;1;22;25;92;20;33;10;33;16;25;"FC Bayern Munich";0
45;"Valencia Basket";200;77;13;23;36;10;8;8;3;1;20;21;83;17;38;9;30;16;17;"FC Barcelona";0
46;"Khimki Moscow Region";200;78;15;25;40;17;5;12;4;2;23;25;87;18;38;6;26;24;29;"Crvena Zvezda mts Belgrade";0
47;"Anadolu Efes Istanbul";200;70;14;25;39;13;8;12;1;3;18;20;72;20;36;6;30;12;18;"Panathinaikos OPAP Athens";0
48;"CSKA Moscow";200;87;10;21;31;22;12;14;4;0;21;20;108;12;24;16;33;15;19;"Zenit St Petersburg";0
49;"Zalgiris Kaunas";200;79;7;25;32;16;6;19;0;0;26;25;89;20;33;7;15;18;21;"Fenerbahce Beko Istanbul";0
5;"KIROLBET Baskonia Vitoria-Gasteiz";200;70;7;27;34;11;8;15;7;1;22;16;75;22;35;6;21;8;13;"Zalgiris Kaunas";0
50;"LDLC ASVEL Villeurbanne";200;72;8;19;27;15;3;11;2;0;27;16;63;20;34;8;26;8;10;"Valencia Basket";0
51;"FC Barcelona";200;70;9;25;34;13;9;12;1;4;18;24;74;17;39;7;21;15;22;"AX Armani Exchange Milan";0
52;"Maccabi FOX Tel Aviv";200;90;7;32;39;19;7;11;3;2;23;20;106;20;35;13;28;11;17;"Olympiacos Piraeus";0
53;"FC Bayern Munich";200;60;5;16;21;9;5;10;4;6;27;22;40;14;35;6;18;14;19;"KIROLBET Baskonia Vitoria-Gasteiz";0
54;"ALBA Berlin";200;71;11;23;34;14;8;20;2;4;25;17;56;20;38;8;26;7;12;"Real Madrid";0
55;"Khimki Moscow Region";200;87;11;22;33;24;11;14;2;1;20;14;104;22;35;12;28;7;10;"Zenit St Petersburg";0
56;"Real Madrid";200;75;14;26;40;13;7;7;7;3;18;18;89;19;38;10;31;7;10;"Crvena Zvezda mts Belgrade";0
57;"Anadolu Efes Istanbul";200;86;5;24;29;14;10;12;2;2;15;16;100;20;33;12;22;10;15;"Olympiacos Piraeus";0
58;"ALBA Berlin";200;78;11;20;31;17;8;20;2;0;22;24;76;21;40;8;25;12;18;"Maccabi FOX Tel Aviv";0
59;"KIROLBET Baskonia Vitoria-Gasteiz";200;74;7;23;30;14;9;19;1;2;21;21;72;22;36;8;22;6;13;"AX Armani Exchange Milan";0
6;"FC Barcelona";200;74;11;33;44;21;8;14;5;2;18;15;98;18;37;11;27;5;5;"Anadolu Efes Istanbul";0
60;"FC Bayern Munich";200;82;12;18;30;20;4;13;0;3;20;22;90;22;39;9;20;11;15;"Fenerbahce Beko Istanbul";0
61;"FC Barcelona";200;93;16;22;38;24;8;12;0;0;18;19;121;25;39;8;22;19;22;"Zalgiris Kaunas";0
62;"Valencia Basket";200;80;4;25;29;20;5;13;3;3;19;18;83;18;35;11;28;11;14;"Panathinaikos OPAP Athens";0
63;"CSKA Moscow";200;66;8;28;36;13;5;15;2;1;23;21;63;20;34;5;23;11;20;"LDLC ASVEL Villeurbanne";0
64;"AX Armani Exchange Milan";200;79;7;23;30;19;7;10;1;5;11;17;86;16;37;12;27;11;16;"Khimki Moscow Region";0
65;"Zenit St Petersburg";200;88;12;16;28;26;8;8;2;4;26;17;93;23;43;10;27;12;13;"Anadolu Efes Istanbul";0
66;"ALBA Berlin";250;106;11;31;42;26;9;19;1;3;21;19;120;33;53;9;25;13;17;"Panathinaikos OPAP Athens";0
67;"Maccabi FOX Tel Aviv";200;113;11;28;39;24;12;16;4;4;28;15;128;28;43;17;29;6;10;"KIROLBET Baskonia Vitoria-Gasteiz";0
68;"FC Barcelona";200;76;9;23;32;11;5;14;1;4;24;21;62;16;37;11;26;11;17;"Real Madrid";0
69;"Fenerbahce Beko Istanbul";200;70;12;19;31;15;4;8;2;6;18;16;64;19;36;7;28;11;15;"CSKA Moscow";0
7;"Zenit St Petersburg";200;65;9;23;32;19;5;13;4;4;17;19;68;16;35;7;26;12;16;"ALBA Berlin";0
70;"LDLC ASVEL Villeurbanne";225;74;13;33;46;17;5;22;7;6;21;20;79;21;42;7;21;11;17;"Crvena Zvezda mts Belgrade";0
71;"Zalgiris Kaunas";200;74;10;21;31;16;6;10;0;5;28;25;71;22;44;4;19;18;19;"Olympiacos Piraeus";0
72;"FC Bayern Munich";200;56;4;22;26;10;5;21;2;1;19;12;38;13;31;9;23;3;3;"Valencia Basket";0
73;"Panathinaikos OPAP Athens";200;86;6;25;31;19;7;8;3;3;21;24;100;19;36;11;25;15;22;"Zalgiris Kaunas";0
74;"Crvena Zvezda mts Belgrade";200;80;13;19;32;21;7;9;2;6;18;15;83;22;48;8;20;12;15;"ALBA Berlin";0
75;"Olympiacos Piraeus";200;82;9;22;31;12;6;16;1;1;22;19;81;25;38;6;19;14;19;"FC Bayern Munich";0
76;"Anadolu Efes Istanbul";200;90;11;21;32;16;4;7;1;3;19;28;111;19;39;9;19;25;26;"LDLC ASVEL Villeurbanne";0
77;"Maccabi FOX Tel Aviv";200;88;10;23;33;12;7;12;4;2;24;21;92;22;38;10;27;14;16;"AX Armani Exchange Milan";0
78;"Khimki Moscow Region";200;76;5;21;26;9;4;10;2;5;18;15;58;24;48;7;23;7;8;"Real Madrid";0
79;"Zenit St Petersburg";200;90;12;19;31;21;6;10;2;2;21;20;99;16;32;14;31;16;21;"Valencia Basket";0
8;"Olympiacos Piraeus";200;63;15;22;37;13;5;13;1;5;18;22;63;18;39;4;17;15;23;"LDLC ASVEL Villeurbanne";0
80;"Fenerbahce Beko Istanbul";200;63;5;21;26;14;3;16;2;1;16;18;55;23;37;5;21;2;10;"FC Barcelona";0
81;"CSKA Moscow";200;70;9;27;36;12;8;21;4;7;27;22;54;13;39;10;25;14;16;"KIROLBET Baskonia Vitoria-Gasteiz";0
82;"Crvena Zvezda mts Belgrade";200;61;12;26;38;9;7;11;1;3;24;22;61;17;33;3;24;18;20;"Zalgiris Kaunas";0
83;"Olympiacos Piraeus";200;99;8;26;34;23;5;7;3;2;22;19;121;21;36;14;27;15;18;"ALBA Berlin";0
84;"Anadolu Efes Istanbul";200;81;12;26;38;18;4;10;2;8;13;22;98;17;37;8;23;23;24;"AX Armani Exchange Milan";0
85;"Khimki Moscow Region";200;84;12;22;34;19;6;9;4;1;25;16;87;18;37;13;32;9;12;"Valencia Basket";0
86;"Panathinaikos OPAP Athens";200;87;4;28;32;21;8;6;2;5;21;14;100;19;37;12;26;13;13;"FC Bayern Munich";0
87;"Fenerbahce Beko Istanbul";200;88;7;28;35;21;3;16;5;1;15;22;120;22;37;9;13;17;20;"LDLC ASVEL Villeurbanne";0
88;"Maccabi FOX Tel Aviv";200;73;14;21;35;12;3;17;1;3;30;18;50;15;37;9;28;16;17;"FC Barcelona";0
89;"Zenit St Petersburg";200;60;8;22;30;16;5;13;1;3;20;18;55;18;35;6;25;6;9;"KIROLBET Baskonia Vitoria-Gasteiz";0
9;"CSKA Moscow";200;96;8;29;37;21;5;10;3;4;24;19;107;17;31;17;31;11;19;"Valencia Basket";0
90;"CSKA Moscow";200;81;12;24;36;18;6;14;1;5;24;19;74;15;44;13;25;12;15;"Real Madrid";0
91;"Khimki Moscow Region";200;76;8;20;28;22;5;15;2;2;16;13;79;21;33;10;31;4;5;"Fenerbahce Beko Istanbul";0
92;"Valencia Basket";200;73;11;21;32;14;12;15;0;4;19;25;82;16;33;6;20;23;28;"Crvena Zvezda mts Belgrade";0
93;"Zalgiris Kaunas";200;62;11;25;36;8;7;18;1;2;24;21;51;21;36;2;23;14;18;"ALBA Berlin";0
94;"KIROLBET Baskonia Vitoria-Gasteiz";200;68;18;21;39;20;4;12;2;2;15;19;70;19;41;8;31;6;14;"Panathinaikos OPAP Athens";0
95;"LDLC ASVEL Villeurbanne";200;62;7;22;29;10;4;13;2;1;21;26;56;19;38;3;19;15;22;"Maccabi FOX Tel Aviv";0
96;"Real Madrid";200;86;12;28;40;17;4;10;4;3;13;20;109;14;30;15;33;13;15;"Zenit St Petersburg";0
97;"FC Bayern Munich";200;75;6;15;21;18;8;16;1;5;18;17;69;24;42;5;18;12;13;"Anadolu Efes Istanbul";0
98;"AX Armani Exchange Milan";200;70;4;19;23;8;5;13;1;0;27;20;53;19;38;6;19;14;16;"Olympiacos Piraeus";0
99;"CSKA Moscow";200;96;7;26;33;24;7;15;0;1;18;18;116;22;32;14;30;10;12;"FC Barcelona";0
